{
    "schema": {
        "field": [
            "age",
            "workclass",
            "fnlwgt",
            "education",
            "education-num",
            "marital-status",
            "occupation",
            "relationship",
            "race",
            "sex",
            "capital-gain",
            "capital-loss",
            "hours-per-week",
            "native-country",
            "label"
        ],
        "n_row": [
            32561,
            32561,
            32561,
            32561,
            32561,
            32561,
            32561,
            32561,
            32561,
            32561,
            32561,
            32561,
            32561,
            32561,
            32561
        ],
        "n_null": [
            0,
            0,
            0,
            0,
            0,
            0,
            0,
            0,
            0,
            0,
            0,
            0,
            0,
            0,
            0
        ],
        "dtype": [
            "int",
            "str",
            "int",
            "str",
            "int",
            "str",
            "str",
            "str",
            "str",
            "str",
            "int",
            "int",
            "int",
            "str",
            "str"
        ]
    },
    "num_stat": {
        "field": [
            "age",
            "fnlwgt",
            "education-num",
            "capital-gain",
            "capital-loss",
            "hours-per-week"
        ],
        "mean": [
            38.58164675532078,
            189778.36651208502,
            10.0806793403151,
            1077.6488437087312,
            87.303829734959,
            40.437455852092995
        ],
        "std": [
            13.640223092304081,
            105548.3568808909,
            2.5726808256012395,
            7385.178676946586,
            402.9540308275458,
            12.347239075706955
        ],
        "min": [
            17.0,
            12285.0,
            1.0,
            0.0,
            0.0,
            1.0
        ],
        "q1": [
            28.0,
            117827.0,
            9.0,
            0.0,
            0.0,
            40.0
        ],
        "median": [
            37.0,
            178356.0,
            10.0,
            0.0,
            0.0,
            40.0
        ],
        "q3": [
            48.0,
            237051.0,
            12.0,
            0.0,
            0.0,
            45.0
        ],
        "max": [
            90.0,
            1484705.0,
            16.0,
            99999.0,
            4356.0,
            99.0
        ],
        "mode": [
            36.0,
            123011.0,
            9.0,
            0.0,
            0.0,
            40.0
        ],
        "skew": [
            0.558717629239881,
            1.4469134351423245,
            -0.3116615096354847,
            11.95329699819938,
            4.5944174564377445,
            0.22763204977483417
        ],
        "kurtosis": [
            -0.1662862143438013,
            6.217671807559258,
            0.6231640802273422,
            154.77548393013743,
            20.37348856442297,
            2.916054670985834
        ],
        "bucket": [
            [
                [
                    17.0,
                    24.3,
                    5570
                ],
                [
                    24.3,
                    31.6,
                    5890
                ],
                [
                    31.6,
                    38.9,
                    6048
                ],
                [
                    38.9,
                    46.2,
                    6163
                ],
                [
                    46.2,
                    53.5,
                    3967
                ],
                [
                    53.5,
                    60.8,
                    2591
                ],
                [
                    60.8,
                    68.1,
                    1595
                ],
                [
                    68.1,
                    75.4,
                    496
                ],
                [
                    75.4,
                    82.7,
                    174
                ],
                [
                    82.7,
                    90.0,
                    67
                ]
            ],
            [
                [
                    12285.0,
                    159527.0,
                    13117
                ],
                [
                    159527.0,
                    306769.0,
                    15327
                ],
                [
                    306769.0,
                    454011.0,
                    3498
                ],
                [
                    454011.0,
                    601253.0,
                    477
                ],
                [
                    601253.0,
                    748495.0,
                    102
                ],
                [
                    748495.0,
                    895737.0,
                    20
                ],
                [
                    895737.0,
                    1042979.0,
                    10
                ],
                [
                    1042979.0,
                    1190221.0,
                    5
                ],
                [
                    1190221.0,
                    1337463.0,
                    2
                ],
                [
                    1337463.0,
                    1484705.0,
                    3
                ]
            ],
            [
                [
                    1.0,
                    2.5,
                    219
                ],
                [
                    2.5,
                    4.0,
                    333
                ],
                [
                    4.0,
                    5.5,
                    1160
                ],
                [
                    5.5,
                    7.0,
                    933
                ],
                [
                    7.0,
                    8.5,
                    1608
                ],
                [
                    8.5,
                    10.0,
                    10501
                ],
                [
                    10.0,
                    11.5,
                    8673
                ],
                [
                    11.5,
                    13.0,
                    1067
                ],
                [
                    13.0,
                    14.5,
                    7078
                ],
                [
                    14.5,
                    16.0,
                    989
                ]
            ],
            [
                [
                    0.0,
                    9999.9,
                    31791
                ],
                [
                    9999.9,
                    19999.8,
                    517
                ],
                [
                    19999.8,
                    29999.699999999997,
                    87
                ],
                [
                    29999.699999999997,
                    39999.6,
                    5
                ],
                [
                    39999.6,
                    49999.5,
                    2
                ],
                [
                    49999.5,
                    59999.399999999994,
                    0
                ],
                [
                    59999.399999999994,
                    69999.3,
                    0
                ],
                [
                    69999.3,
                    79999.2,
                    0
                ],
                [
                    79999.2,
                    89999.09999999999,
                    0
                ],
                [
                    89999.09999999999,
